{"optvar": {"seqlen": 2, "veclen": 1},
  "par": {"xr": {"rows": 6, "data": [0.0, 0.0, 0.0, 0.0, 0.0, 0.0], "cols": 1},
        "x_k": {"rows": 2, "data": [0.0, 0.0], "cols": 1},
        "ur": {"rows": 2, "data": [0.0, 0.0], "cols": 1}},
  "constant": {"H": {"rows": 2, "data": [0.9987290508536623, 0.001328190913114191, 0.0013281909131141912, 0.9986119892312272], "cols": 2},
        "u_lb": {"rows": 2, "data": [-100.0, -100.0], "cols": 1},
        "u_ub": {"rows": 2, "data": [100.0, 100.0], "cols": 1}},
  "lagmul": null,
  "pmetric": {"g": {"aux": {"rows": 2, "data": [0.0, 0.0], "cols": 1},
                "par": ["xr", "x_k", "ur"],
                "fac0": {"rows": 2, "data": [0.0, 0.0], "cols": 1},
                "val": {"rows": 2, "data": [0.0, 0.0], "cols": 1},
                "fac": [{"rows": 2, "data": [0.0, 0.0, -9.6473220735445597e-05, -0.018978390346516102, -0.05207122612571069, -0.069520660328755937, 0.0, 0.0, 0.0, 0.0, -0.057128117481019196, -0.076202981048270751], "cols": 6},
                        {"rows": 2, "data": [0.052167699346446134, 0.075035869563750038, 0.057128117481019196, 0.06342528114382355], "cols": 2},
                        {"rows": 2, "data": [-0.99715612769352779, 0.0, 0.0, -0.99715612769352779], "cols": 2}]}},
  "nu": 0.0006656252086694724}